{
  "panas": {
    "interested": 4,
    "distressed": 2,
    "excited": 5,
    "upset": 1,
    "strong": 4,
    "guilty": 2,
    "scared": 1,
    "hostile": 1,
    "enthusiastic": 5,
    "proud": 4,
    "irritable": 2,
    "alert": 5,
    "ashamed": 1,
    "inspired": 5,
    "nervous": 2,
    "determined": 5,
    "attentive": 5,
    "jittery": 1,
    "active": 5,
    "afraid": 1
  },
  "bestThing": "I reconnected with an old friend and had a really uplifting conversation.",
  "worstThing": "I had a stressful work deadline that caused a lot of anxiety.",
  "location": "Australia and Pacific",
  "raceEthnicity": "White",
  "genderIdentity": "Man"
}
